path,true_class,pred_class,true_id,pred_id,lsd_probability,correct,model
DATASET_SPLIT\test\Healthy\Healthy_0551.jpg,Healthy,Healthy,0,0,0.22947213053703308,True,ResNet50
DATASET_SPLIT\test\Healthy\Healthy_0552.jpg,Healthy,Healthy,0,0,0.0025716202799230814,True,ResNet50
DATASET_SPLIT\test\Healthy\Healthy_0554.jpg,Healthy,Healthy,0,0,0.17759379744529724,True,ResNet50
DATASET_SPLIT\test\Healthy\Healthy_0557.jpg,Healthy,Healthy,0,0,0.004272131249308586,True,ResNet50
DATASET_SPLIT\test\Healthy\Healthy_0558.jpg,Healthy,Healthy,0,0,0.01765611208975315,True,ResNet50
DATASET_SPLIT\test\Healthy\Healthy_0559.jpg,Healthy,LSD_Affected,0,1,0.9501847624778748,False,ResNet50
DATASET_SPLIT\test\Healthy\Healthy_0560.jpg,Healthy,Healthy,0,0,0.0034754315856844187,True,ResNet50
DATASET_SPLIT\test\Healthy\Healthy_0563.jpg,Healthy,Healthy,0,0,0.000725342717487365,True,ResNet50
DATASET_SPLIT\test\Healthy\Healthy_0569.jpg,Healthy,Healthy,0,0,0.011075506918132305,True,ResNet50
DATASET_SPLIT\test\Healthy\Healthy_0570.jpg,Healthy,LSD_Affected,0,1,0.8252065777778625,False,ResNet50
DATASET_SPLIT\test\Healthy\Healthy_0571.jpg,Healthy,Healthy,0,0,0.007665747776627541,True,ResNet50
DATASET_SPLIT\test\Healthy\Healthy_0572.jpg,Healthy,Healthy,0,0,0.0878005251288414,True,ResNet50
DATASET_SPLIT\test\Healthy\Healthy_0573.jpg,Healthy,Healthy,0,0,0.004355099983513355,True,ResNet50
DATASET_SPLIT\test\Healthy\Healthy_0575.jpg,Healthy,Healthy,0,0,0.0007276409305632114,True,ResNet50
DATASET_SPLIT\test\Healthy\Healthy_0577.jpg,Healthy,Healthy,0,0,0.01812164857983589,True,ResNet50
DATASET_SPLIT\test\Healthy\Healthy_0578.jpg,Healthy,Healthy,0,0,0.004399362485855818,True,ResNet50
DATASET_SPLIT\test\Healthy\Healthy_0579.jpg,Healthy,LSD_Affected,0,1,0.8930160999298096,False,ResNet50
DATASET_SPLIT\test\Healthy\Healthy_0582.jpg,Healthy,Healthy,0,0,0.0015760064125061035,True,ResNet50
DATASET_SPLIT\test\Healthy\Healthy_0585.jpg,Healthy,Healthy,0,0,0.3687487542629242,True,ResNet50
DATASET_SPLIT\test\Healthy\Healthy_0588.jpg,Healthy,Healthy,0,0,0.0006998555618338287,True,ResNet50
DATASET_SPLIT\test\Healthy\Healthy_0592.jpg,Healthy,Healthy,0,0,0.16672584414482117,True,ResNet50
DATASET_SPLIT\test\Healthy\Healthy_0593.jpg,Healthy,Healthy,0,0,0.18580077588558197,True,ResNet50
DATASET_SPLIT\test\Healthy\Healthy_0594.jpg,Healthy,Healthy,0,0,0.05785158649086952,True,ResNet50
DATASET_SPLIT\test\Healthy\Healthy_0596.jpg,Healthy,Healthy,0,0,0.0436793677508831,True,ResNet50
DATASET_SPLIT\test\Healthy\Healthy_0597.jpg,Healthy,Healthy,0,0,3.475534322205931e-05,True,ResNet50
DATASET_SPLIT\test\Healthy\Healthy_0601.jpg,Healthy,Healthy,0,0,0.011087808758020401,True,ResNet50
DATASET_SPLIT\test\Healthy\Healthy_0605.jpg,Healthy,Healthy,0,0,0.00467426422983408,True,ResNet50
DATASET_SPLIT\test\Healthy\Healthy_0606.jpg,Healthy,Healthy,0,0,0.0011504029389470816,True,ResNet50
DATASET_SPLIT\test\Healthy\Healthy_0607.jpg,Healthy,Healthy,0,0,0.00021637440659105778,True,ResNet50
DATASET_SPLIT\test\Healthy\Healthy_0609.jpg,Healthy,Healthy,0,0,0.00030336648342199624,True,ResNet50
DATASET_SPLIT\test\Healthy\Healthy_0611.jpg,Healthy,Healthy,0,0,0.10896521061658859,True,ResNet50
DATASET_SPLIT\test\Healthy\Healthy_0612.jpg,Healthy,LSD_Affected,0,1,0.9075010418891907,False,ResNet50
DATASET_SPLIT\test\Healthy\Healthy_0615.jpg,Healthy,Healthy,0,0,0.030644405633211136,True,ResNet50
DATASET_SPLIT\test\Healthy\Healthy_0617.jpg,Healthy,Healthy,0,0,0.0022921105846762657,True,ResNet50
DATASET_SPLIT\test\Healthy\Healthy_0619.jpg,Healthy,Healthy,0,0,0.009112391620874405,True,ResNet50
DATASET_SPLIT\test\Healthy\Healthy_0620.jpg,Healthy,Healthy,0,0,0.0008869145531207323,True,ResNet50
DATASET_SPLIT\test\Healthy\Healthy_0621.jpg,Healthy,Healthy,0,0,0.00010168091830564663,True,ResNet50
DATASET_SPLIT\test\Healthy\Healthy_0626.jpg,Healthy,Healthy,0,0,0.2165611982345581,True,ResNet50
DATASET_SPLIT\test\Healthy\Healthy_0630.jpg,Healthy,Healthy,0,0,0.005319880787283182,True,ResNet50
DATASET_SPLIT\test\Healthy\Healthy_0634.jpg,Healthy,Healthy,0,0,0.08224926888942719,True,ResNet50
DATASET_SPLIT\test\Healthy\Healthy_0635.jpg,Healthy,Healthy,0,0,0.017157254740595818,True,ResNet50
DATASET_SPLIT\test\Healthy\Healthy_0636.jpg,Healthy,Healthy,0,0,0.018338970839977264,True,ResNet50
DATASET_SPLIT\test\Healthy\Healthy_0641.jpg,Healthy,Healthy,0,0,0.0027304966934025288,True,ResNet50
DATASET_SPLIT\test\Healthy\Healthy_0642.jpg,Healthy,Healthy,0,0,0.008337808772921562,True,ResNet50
DATASET_SPLIT\test\Healthy\Healthy_0644.jpg,Healthy,Healthy,0,0,0.15385091304779053,True,ResNet50
DATASET_SPLIT\test\Healthy\Healthy_0645.jpg,Healthy,Healthy,0,0,0.009280583821237087,True,ResNet50
DATASET_SPLIT\test\Healthy\Healthy_0646.jpg,Healthy,Healthy,0,0,0.008582055568695068,True,ResNet50
DATASET_SPLIT\test\Healthy\Healthy_0647.jpg,Healthy,Healthy,0,0,0.45338886976242065,True,ResNet50
DATASET_SPLIT\test\Healthy\Healthy_0648.jpg,Healthy,Healthy,0,0,0.16406036913394928,True,ResNet50
DATASET_SPLIT\test\LSD_Affected\LSD_Affected_0553.jpg,LSD_Affected,LSD_Affected,1,1,0.958663284778595,True,ResNet50
DATASET_SPLIT\test\LSD_Affected\LSD_Affected_0555.jpg,LSD_Affected,LSD_Affected,1,1,0.999925971031189,True,ResNet50
DATASET_SPLIT\test\LSD_Affected\LSD_Affected_0556.jpg,LSD_Affected,LSD_Affected,1,1,0.8611252307891846,True,ResNet50
DATASET_SPLIT\test\LSD_Affected\LSD_Affected_0561.jpg,LSD_Affected,Healthy,1,0,0.025000326335430145,False,ResNet50
DATASET_SPLIT\test\LSD_Affected\LSD_Affected_0562.jpg,LSD_Affected,LSD_Affected,1,1,0.9999547004699707,True,ResNet50
DATASET_SPLIT\test\LSD_Affected\LSD_Affected_0564.jpg,LSD_Affected,LSD_Affected,1,1,0.9999939799308777,True,ResNet50
DATASET_SPLIT\test\LSD_Affected\LSD_Affected_0565.jpg,LSD_Affected,LSD_Affected,1,1,0.9998658299446106,True,ResNet50
DATASET_SPLIT\test\LSD_Affected\LSD_Affected_0566.jpg,LSD_Affected,LSD_Affected,1,1,0.9994021654129028,True,ResNet50
DATASET_SPLIT\test\LSD_Affected\LSD_Affected_0567.jpg,LSD_Affected,LSD_Affected,1,1,0.9998397827148438,True,ResNet50
DATASET_SPLIT\test\LSD_Affected\LSD_Affected_0568.jpg,LSD_Affected,LSD_Affected,1,1,0.9979866743087769,True,ResNet50
DATASET_SPLIT\test\LSD_Affected\LSD_Affected_0574.jpg,LSD_Affected,LSD_Affected,1,1,0.999751091003418,True,ResNet50
DATASET_SPLIT\test\LSD_Affected\LSD_Affected_0576.jpeg,LSD_Affected,LSD_Affected,1,1,0.989477276802063,True,ResNet50
DATASET_SPLIT\test\LSD_Affected\LSD_Affected_0580.jpg,LSD_Affected,LSD_Affected,1,1,0.9940860867500305,True,ResNet50
DATASET_SPLIT\test\LSD_Affected\LSD_Affected_0581.jpg,LSD_Affected,LSD_Affected,1,1,0.9998415112495422,True,ResNet50
DATASET_SPLIT\test\LSD_Affected\LSD_Affected_0583.jpg,LSD_Affected,LSD_Affected,1,1,0.996303379535675,True,ResNet50
DATASET_SPLIT\test\LSD_Affected\LSD_Affected_0584.jpg,LSD_Affected,Healthy,1,0,0.4015944302082062,False,ResNet50
DATASET_SPLIT\test\LSD_Affected\LSD_Affected_0586.jpg,LSD_Affected,LSD_Affected,1,1,0.9369064569473267,True,ResNet50
DATASET_SPLIT\test\LSD_Affected\LSD_Affected_0587.jpg,LSD_Affected,Healthy,1,0,0.16153573989868164,False,ResNet50
DATASET_SPLIT\test\LSD_Affected\LSD_Affected_0589.jpg,LSD_Affected,LSD_Affected,1,1,0.8728799819946289,True,ResNet50
DATASET_SPLIT\test\LSD_Affected\LSD_Affected_0590.jpg,LSD_Affected,LSD_Affected,1,1,0.7447047233581543,True,ResNet50
DATASET_SPLIT\test\LSD_Affected\LSD_Affected_0591.jpg,LSD_Affected,LSD_Affected,1,1,0.5770394802093506,True,ResNet50
DATASET_SPLIT\test\LSD_Affected\LSD_Affected_0595.jpg,LSD_Affected,LSD_Affected,1,1,0.8913795948028564,True,ResNet50
DATASET_SPLIT\test\LSD_Affected\LSD_Affected_0598.jpg,LSD_Affected,LSD_Affected,1,1,0.5904649496078491,True,ResNet50
DATASET_SPLIT\test\LSD_Affected\LSD_Affected_0599.jpg,LSD_Affected,LSD_Affected,1,1,0.9999824166297913,True,ResNet50
DATASET_SPLIT\test\LSD_Affected\LSD_Affected_0600.jpg,LSD_Affected,Healthy,1,0,0.12532201409339905,False,ResNet50
DATASET_SPLIT\test\LSD_Affected\LSD_Affected_0602.jpg,LSD_Affected,LSD_Affected,1,1,0.9994902610778809,True,ResNet50
DATASET_SPLIT\test\LSD_Affected\LSD_Affected_0603.jpg,LSD_Affected,LSD_Affected,1,1,0.7499808073043823,True,ResNet50
DATASET_SPLIT\test\LSD_Affected\LSD_Affected_0604.jpg,LSD_Affected,LSD_Affected,1,1,0.5135632753372192,True,ResNet50
DATASET_SPLIT\test\LSD_Affected\LSD_Affected_0608.jpg,LSD_Affected,LSD_Affected,1,1,0.9938565492630005,True,ResNet50
DATASET_SPLIT\test\LSD_Affected\LSD_Affected_0610.jpg,LSD_Affected,LSD_Affected,1,1,0.9999470114707947,True,ResNet50
DATASET_SPLIT\test\LSD_Affected\LSD_Affected_0613.jpg,LSD_Affected,LSD_Affected,1,1,0.9995476603507996,True,ResNet50
DATASET_SPLIT\test\LSD_Affected\LSD_Affected_0614.jpg,LSD_Affected,LSD_Affected,1,1,0.7104796171188354,True,ResNet50
DATASET_SPLIT\test\LSD_Affected\LSD_Affected_0616.jpg,LSD_Affected,LSD_Affected,1,1,0.9859232306480408,True,ResNet50
DATASET_SPLIT\test\LSD_Affected\LSD_Affected_0618.jpg,LSD_Affected,LSD_Affected,1,1,0.999984085559845,True,ResNet50
DATASET_SPLIT\test\LSD_Affected\LSD_Affected_0622.jpg,LSD_Affected,LSD_Affected,1,1,0.9999914765357971,True,ResNet50
DATASET_SPLIT\test\LSD_Affected\LSD_Affected_0623.jpg,LSD_Affected,LSD_Affected,1,1,0.9864842891693115,True,ResNet50
DATASET_SPLIT\test\LSD_Affected\LSD_Affected_0624.jpg,LSD_Affected,Healthy,1,0,0.08878707140684128,False,ResNet50
DATASET_SPLIT\test\LSD_Affected\LSD_Affected_0625.jpg,LSD_Affected,Healthy,1,0,0.48260611295700073,False,ResNet50
DATASET_SPLIT\test\LSD_Affected\LSD_Affected_0627.jpg,LSD_Affected,LSD_Affected,1,1,0.9266483187675476,True,ResNet50
DATASET_SPLIT\test\LSD_Affected\LSD_Affected_0628.jpeg,LSD_Affected,LSD_Affected,1,1,0.997899055480957,True,ResNet50
DATASET_SPLIT\test\LSD_Affected\LSD_Affected_0629.jpg,LSD_Affected,LSD_Affected,1,1,0.999738335609436,True,ResNet50
DATASET_SPLIT\test\LSD_Affected\LSD_Affected_0631.jpg,LSD_Affected,LSD_Affected,1,1,0.999266505241394,True,ResNet50
DATASET_SPLIT\test\LSD_Affected\LSD_Affected_0632.jpg,LSD_Affected,LSD_Affected,1,1,0.9996874332427979,True,ResNet50
DATASET_SPLIT\test\LSD_Affected\LSD_Affected_0633.jpg,LSD_Affected,LSD_Affected,1,1,0.9992145895957947,True,ResNet50
DATASET_SPLIT\test\LSD_Affected\LSD_Affected_0637.jpg,LSD_Affected,LSD_Affected,1,1,0.9998517036437988,True,ResNet50
DATASET_SPLIT\test\LSD_Affected\LSD_Affected_0638.jpg,LSD_Affected,LSD_Affected,1,1,0.9999490976333618,True,ResNet50
DATASET_SPLIT\test\LSD_Affected\LSD_Affected_0639.jpg,LSD_Affected,LSD_Affected,1,1,0.9964982271194458,True,ResNet50
DATASET_SPLIT\test\LSD_Affected\LSD_Affected_0640.jpg,LSD_Affected,LSD_Affected,1,1,0.9971586465835571,True,ResNet50
DATASET_SPLIT\test\LSD_Affected\LSD_Affected_0643.jpg,LSD_Affected,LSD_Affected,1,1,0.9971031546592712,True,ResNet50
